benjamin/16ff822da026ed60b404d2eabc3658f48cd7a26e12a061055d0b0d2df78ea1e9.exe.couleur.png, 0
benjamin/227c3777ae10686ea02e519c1f5eecd44c800bcf66e0cc3de06984b8f30e1eaf.exe.couleur.png, 0
benjamin/ee34382394314363c8944e20b47f59c9a969b052563a3488fae47b6ad594b255.exe.couleur.png, 0
benjamin/2bccbb82893771f065870a06221544920c9b6976fae69a60f85eece13f4cb584.exe.couleur.png, 0
benjamin/a688b5695ca3ce4bf92b74a7f5854b3ef7bef2a571ec94b76c42e4f15cd41678.exe.couleur.png, 0
benjamin/ca8190deeb086253ff3c8f5cb912d47bf9efa931796eea90f27762ccea78bbe4.exe.couleur.png, 0
benjamin/68de2d952850e6258ee371045b1a42b549495e26c8b777daf21ac270be93930f.exe.couleur.png, 0
benjamin/07d9d367376abb79e0e644a32649e725bffc58a275960e921eac19b6d59a90bd.exe.couleur.png, 0
benjamin/e4d0471bc412e9141d0476f4df5c5c9c8074f0f056640fb813c4d3f8e586cb8a.exe.couleur.png, 0
benjamin/fa4317feb6f86227fee74624114fa7248b81c21be6e8bc4844f0f1fbff2127a0.exe.couleur.png, 0
benjamin/5162c2c3aa244fb9b3f292ee9fd4c59cc8a4500d246153cebed37cdcec18a908.exe.couleur.png, 0
benjamin/21e5800f7da0c11aa17c5b5b5eb6a9b3897576f2beabb80299dd0f78b0f24323.exe.couleur.png, 0
benjamin/d62fc5a467ddea0b24bdc2127a55ce95546458ce3c944f2a898a76e285fd025c.exe.couleur.png, 0
benjamin/394ad6f35980496a23b37c16908177f1245ce1049df1f78c4ee2b53d18130c0f.exe.couleur.png, 0
benjamin/9cf9e52d7bf94d1aaed86b096024c8a452b7339ceaec43205b840d17608b82fb.exe.couleur.png, 0
benjamin/ad62f20f312e116d9627af0010c132b3c9a5cbb3297c1ebff8584d639ebbc665.exe.couleur.png, 0
benjamin/8eb1bc75eea45ab42df04f28f80865bb5d8fa2c7d87e417394b2b0ed50c3a1b0.exe.couleur.png, 0
benjamin/0db6ddecee8ddc810a0159675f4c3209d97f4df299b4e5c5a5b1931d807b8ecf.exe.couleur.png, 0
benjamin/3cdc815560d58bc774ffd6d029772ff775daf99e93c13ac3e6af386466656597.exe.couleur.png, 0
benjamin/69e0ef5932419b196b4057e5775f67c0f5736f8559366cf19d16af4ba34f1cae.exe.couleur.png, 0
benjamin/4534da4c59bd83e3eb70a804368f234317b17a2ff0c614ec8fa83df5bcfdc008.exe.couleur.png, 0
benjamin/cd508b26850ed70df403ee6d9974d04031e8224f5500521c33c2c1abb603fbb4.exe.couleur.png, 0
benjamin/875d82d4dcd1978df8bcba6b4fa4e5e60640aa61fe9ab0ba39c9e3a5da1e096b.exe.couleur.png, 0
benjamin/248b07fd65b7777dbf66bfed7b242190b990be5461252d396e983d3032f55e94.exe.couleur.png, 0
benjamin/d8d44878682b0fef1f3a93963bf52bb95bd92145cc7851563e45b702e62bbc39.exe.couleur.png, 0
benjamin/b0c785da48c50dfab448d8111faeadca529a8eea1c9b3c9a55652a4edc721b90.exe.couleur.png, 0
benjamin/68d91b7dce43b0e813c40ae9303cdb4411df28900656513e2c64b69741f66c87.exe.couleur.png, 0
benjamin/961c3da21a49727f2b597618e14bf1815e80e829aa6bf3d68e16d052f0869e2b.exe.couleur.png, 0
benjamin/3295701e90bfd4eb67edf1df1ac63d5a554ce10a247268bf3f71ba28ca9d7738.exe.couleur.png, 0
benjamin/d9cc911e2584ea58e769cf12ee17dda0834877018cc9c945d4e16ed7f9264310.exe.couleur.png, 0
benjamin/41a9866b6b33ab9d837936ff839283de1a03cbfbfd20b384be19688fb9721147.exe.couleur.png, 0
benjamin/e70af393c11f44e6d2c20ce4478d25831b709d40a9db088af3cc6313f2ea72c9.exe.couleur.png, 0
benjamin/0c7d93fc19bbd272de5890946166fa34093aa674d93404fec4bf13b36ee3b2c0.exe.couleur.png, 0
benjamin/c0427c1e66c451a381d49f72036b1a2787ced689cb128d702f086cf87b767fb1.exe.couleur.png, 0
benjamin/c33e576273b9cebb47873662ec7aba5511d19607c770d8d63f27e29ed4bcd492.exe.couleur.png, 0
benjamin/6e968250de5db201f8742198dd9b7b354b0bc5f01d788db905346589a66f1fc5.exe.couleur.png, 0
benjamin/11ca33744b5d144cf653c3f581514de99dc232e13fcad64f7170a6beb26c4c24.exe.couleur.png, 0
benjamin/2dfaab5ca7baad018666ecbfca13aed27a51ff0724c6d982c102c112f7812e1d.exe.couleur.png, 0
benjamin/39045f27869eaf576ce6006fef37bfd0569289ee0a03ca8084de8585599a2744.exe.couleur.png, 0
benjamin/19d029e4a01ac9cdde14301c610e48255a709551d92fab360e0e208a1a170862.exe.couleur.png, 0
benjamin/cac24c6a7655fb2547fc08dd0d3e793e5ef5606acbd59aa713d6e829d23aa0ca.exe.couleur.png, 0
benjamin/c8be3c197c5415c1e919ab105751b47b04b373ed0f16fab1c1779899fca162ea.exe.couleur.png, 0
benjamin/71281bfc44c160476eb1681f79c8e2bd9db4fdb5cd8ad96a777fbb93a380021a.exe.couleur.png, 0
benjamin/b23daa0945c3b3025833d5083d85fa119ad6f131f556c554225436c4e32b2cbd.exe.couleur.png, 0
benjamin/b1999818800a88f913c8184611afde198298829ecce1a62b8f2ff3806c8b511a.exe.couleur.png, 0
benjamin/236be9305b6e93fcaf340796ba8373d6e616d77f148e6d0cec453229c5ed349e.exe.couleur.png, 0
benjamin/1b31c63ce6952c989890a2b939641920e13205dd890827fb63d625de2e5e3c3f.exe.couleur.png, 0
benjamin/af5f575245ed01930c7284bce1ace69acea0007bca234d1adb0cfd5099835a1d.exe.couleur.png, 0
benjamin/c4f71cabcd68b5bf3cb6dea542d35d220c30301cd1d9eb7665f4a99124ea6161.exe.couleur.png, 0
benjamin/19ea177dcb4713faca23926b7671e74384cf22297b28d7ccb6516a392b0a8765.exe.couleur.png, 0
benjamin/95df473ebd9d7fc8d6956f25eac3e69c0e1ecaec1edabaed0b16fc06824fe2c9.exe.couleur.png, 0
benjamin/f217f55191a5749d55b79dab8502f8f6af97a5b96c362e9ebd8cb016b69f3f26.exe.couleur.png, 0
benjamin/7b573a4f97b37678d4371c9da3b5b0c9bd7837b501d937988aef37c084af90eb.exe.couleur.png, 0
benjamin/6e855d7efa4bb28bd464b56c369f58b6601a6a157c49c04e77561398bd6b3325.exe.couleur.png, 0
benjamin/e4dd224262fbc045ceb6c56ab8d0557cab104d02875cbc664bfb3441cd23a026.exe.couleur.png, 0
benjamin/13090a15bab9b05eaaba81fb8d8e5651f403c988db92faae4988b498410fea1b.exe.couleur.png, 0
benjamin/b98f48928d2c55d6c2fb7dd3bd7bd20d69ff22068c49cd7ce5a54a5dbc1a4252.exe.couleur.png, 0
benjamin/f41af0a4363d06485901f266ee6a51bf75395fbb4928fc975f6f72344b2362c3.exe.couleur.png, 0
benjamin/002ea847916e6a34adab4d1110b9eb8f307565325756a31ae36ce212adfe851e.exe.couleur.png, 0
benjamin/3b3d2465b6ce74ee2068744471c6e5ddcb327bc823f948abdcc9a828b8a95f5f.exe.couleur.png, 0
benjamin/e1a060c88ce3a2d96097a1fed4e9aca925e17d81b012ee8771c80d24147da420.exe.couleur.png, 0
benjamin/f50243dc1de45fbf1105b392294b989ea084ca676124f8fec71f9bd4c944d5c1.exe.couleur.png, 0
benjamin/59c827d767a8a256bf63a82166d4089a8bf55ad3ea3e12ae45f83eea336428ce.exe.couleur.png, 0
benjamin/4fcc0ebe076cb6f2220207ff48f753bcbc9c4180c0f03f51d7d8730fc441de3e.exe.couleur.png, 0
benjamin/a60629e3cef8f5ed213452862d1ceee817b64ec8d080eec0bd2bffffa600cccb.exe.couleur.png, 0
benjamin/a4ad551b53a085ddae33d78b27dd578905192ca57df11ce716becc5c95ffc75f.exe.couleur.png, 0
benjamin/1a68203337d087732ae8967f615c18fbac81b22c99c514b158ca04cfaa55350a.exe.couleur.png, 0
benjamin/9c29c8b8df53d415ce2a6bfc76b39de7216ce0b9b7f21e6380983b653fd4b8fc.exe.couleur.png, 0
benjamin/502f024cf680d92155e8c9ac167a9c240f169453c21848de6a35cb50cfd093ce.exe.couleur.png, 0
benjamin/d1c7af0ca5f4a94e8c2c166b9873dc79f7e9af757b26c054d4b29c5c57d2062e.exe.couleur.png, 0
benjamin/be717225f55d46df845d4427e43d7bc12ad03d8fc651d515b8042609482a3283.exe.couleur.png, 0
benjamin/397f89d0b885fe88333340889b2bf34e517242d17b27408079a5b1fe317fb6a3.exe.couleur.png, 0
benjamin/131f13abfbb040a7e874b68beeefadd1fcb1b163467dbe4cbc4acf29bfa6e01c.exe.couleur.png, 0
benjamin/a27094495a799a7624555916898aaa5c3aec759c716947fc50f9117ec51ab938.exe.couleur.png, 0
benjamin/332668016665ac761a6fd5866ef2d6d462ec13252fecf4bb92b12c430f3039fe.exe.couleur.png, 0
benjamin/c250bd35dac3a6084e1bec1fff751d54eec4df2e9e94706b62c53af028011153.exe.couleur.png, 0
benjamin/4bc57920de93ae8de02b7fc4d7e34d61545386216623467da7a12500f9829390.exe.couleur.png, 0
benjamin/ed2c1df7179d2b48e11d8d64b1df1957ba5460d241f1c38fa382db16b442c805.exe.couleur.png, 0
benjamin/bbce832adffc36bcad240b6e5a89b022af85c653d4061cb57624ddbd32589d8b.exe.couleur.png, 0
benjamin/5c47cc8328187b59e02f34268c60eba7e40928f99791a567b2b66fb6c6cc42d5.exe.couleur.png, 0
benjamin/99b66239b1268e20ff90b999be40a0ffec000d2009b28f0043fc9837ac8a9abe.exe.couleur.png, 0
benjamin/cc0ac3689c45d8759e18de84ea7f9794ade1c9918f249c8c4902f56d9c84a4cd.exe.couleur.png, 0
benjamin/0b2c8897c1185f63993ace19ae1bd08858928ad2e8ed00fa208ef26192515931.exe.couleur.png, 0
benjamin/7ef9fe478f9054f429a19eea987587e5d0f20c8f3ecdb6918c73417ef941d4c9.exe.couleur.png, 0
benjamin/539eaf60c4e0deb644492aa95e4ce009d98edb79fed33ee63ac9a17c3efebd50.exe.couleur.png, 0
benjamin/5658c1dcbcb897471fed61984ba7121754563f440effcd49033d29ade572fdb7.exe.couleur.png, 0
benjamin/9400be411f59f86f7e9b73d1ecf75af7fcdbe1ab119a767e4f63725cad1545d5.exe.couleur.png, 0
berbew/0801acef1e5871baf9adfcabd7eb656a243b934e087e7e235ffaae4ac2e18f98.exe.couleur.png, 1
berbew/15bc2a70fae5e7a2587019f2207a2a5264d6a3b9b7ec99ea83ce0c208cf7b147.exe.couleur.png, 1
berbew/e67f308f79f54c6a44789b3ac9691f4cd557048aa1ad6b638e2e9959896ec95e.exe.couleur.png, 1
berbew/44780f7e8fef4d4017655d8cba7ff67f0914dff3d986ebced32f23f174741ae3.exe.couleur.png, 1
berbew/a0270e903898e1bbcdbe279a83bfaadfddedb4a0fba239b95edf54e369e4db6e.exe.couleur.png, 1
berbew/3d4452eb4cb4dbae9bdb54648335cd10a35c03cf071223e9d5feae388a4818c9.exe.couleur.png, 1
berbew/e6bf720851079f039aa8fdee4663f04878d97d271eb0b52d4a289b42cc2f9fdc.exe.couleur.png, 1
berbew/a8f62cd3199708261af3b0e4856ce38873fca3bd20779b2d390c3eee25955bba.exe.couleur.png, 1
berbew/227c57e56ab4dae7ab98449ff9f8dda7a8df88f40573bc4046c64f2d3e8d46cf.exe.couleur.png, 1
berbew/388e9292caee2900bce5c3c1123b061a456077fa7b625b3ceb0ed803da1bf543.exe.couleur.png, 1
berbew/bb1e336b0a31fb4b38d63e1c6339e82fa6ad16f290af38f3ad373d9ec9b5a130.exe.couleur.png, 1
berbew/dad067003aa09b3c6a1aa6cdd748b0f0766d153fd207d9341d2c7c2d9fc6ed12.exe.couleur.png, 1
berbew/68e860068eefb2840224ef5c6eb0c552aa80528170c212601f0a854240808ff6.exe.couleur.png, 1
berbew/27c50e10657d6baebb39d85b367a8146cfb9903cd52488d745056e9ae4404ec1.exe.couleur.png, 1
berbew/3eb4f218ea3f72360801329fffd9161ac7b4adb27fa3f549dba600fd42ecdbc3.exe.couleur.png, 1
berbew/54adad0c41910aa4ff7aae83effd75578466aae2c23dace36577d916eef70605.exe.couleur.png, 1
berbew/59589caf665b21292beab3f958d5e47627477ab3c29a5838f5c401d852ebcefd.exe.couleur.png, 1
berbew/bab2289691e3d75db2aa40fec4334645fafc287bf214ffde0223c4597f18f620.exe.couleur.png, 1
berbew/b139382af79299a23e2e7e2b40e6d7732bc3c86048d109239efde00447a04e88.exe.couleur.png, 1
berbew/e6b0b76463c73b64e7f762d2d4a4ee71040b85ee5d56fa0a23ec185602ffcab3.exe.couleur.png, 1
berbew/9a7f10ab18188f1f8063d1a4bc638e48dfee5d2e9213571dc1f4104ad3b6e6d8.exe.couleur.png, 1
berbew/a1f013157e7e6c91b54d3d5611a7a25061ccff938fcdc10cba3e8b85d371ee63.exe.couleur.png, 1
berbew/dd19383e8a6ab9ba8ac3648852a8cd0aa7ea32c085e36dad19b67b56401ac553.exe.couleur.png, 1
berbew/c20c6be9f83a9c724f544d171e9e9995b4c8d37cd78b4aedcc588d9180156d32.exe.couleur.png, 1
berbew/88ab2fd0bbe404fa7a27866085d17144c71b5be889d017f5d339c1422b0bc330.exe.couleur.png, 1
berbew/e0e73a6b2a4732503765ee0b398921a689972da030409ff4e4ab54c78dd58f4d.exe.couleur.png, 1
berbew/8d4f93eceb12c9067284adf1858bf51d74d5691a7c0ee662d5a17de531608529.exe.couleur.png, 1
berbew/b29df99997b3c0bf544f46f9c299db27f2dd05f31d9e5681116c14ce8702dd2b.exe.couleur.png, 1
berbew/76b305d26ecb295999421ba8230ff22f490e0f3378a52f3063659149f431ee88.exe.couleur.png, 1
berbew/b54ca863f50b21edc1ace46127fb2ae3f44206fef437bab42f4a25eca75bf07a.exe.couleur.png, 1
berbew/acaeb1f062286a9971bbef9fed9809152516cf706cb777e3c0630233d3e3c521.exe.couleur.png, 1
berbew/7be5630586971064061f4f8cbc0213bdd38f6d74c3af787a01511a1cc2cf073e.exe.couleur.png, 1
berbew/d07bce98a328226ce4289cbd83ec6f3849d9adaaa04e9557e9316ee5b1948220.exe.couleur.png, 1
berbew/832769f3a4f2a529454d8474d215d82de898da4fad4e0ae452f5e17f05681133.exe.couleur.png, 1
berbew/bac22c76c86ce499e926b033722e6a9240706620097153fcc1a9390583e5a1e6.exe.couleur.png, 1
berbew/86e6d579cd76b87cf311f1c504223f286da29e9c6c50949f16a1ddd2aa6c81e5.exe.couleur.png, 1
berbew/0f4c63698df16a4fad1690ab29c74ca24e4a923b0f3156939ee50c5533a4a4a0.exe.couleur.png, 1
berbew/943bcbfd6e0802a42b5eab62b05731d77c64583e891b65bc17ea30b1c667db8b.exe.couleur.png, 1
berbew/8d5c2a9151df169923270632c896c08a2d0669eb273283be8524f74bcb77ab5a.exe.couleur.png, 1
berbew/f53b37e77efd145d39e1e4b9c6445546dcf0e2f4825baed32ad9d8c86157d42f.exe.couleur.png, 1
berbew/f28f13cd5541bf88e43218b2447dfc233333355b4a2c233bcd5e41ca024ca717.exe.couleur.png, 1
berbew/c8d2169305d629fb9d7e74aa6165eb5295a1874a799b41403a128381df0d0ce4.exe.couleur.png, 1
berbew/219e5e3f887d9901efbbd2b3b660f1155171054fb80793dde6ceea3a9f70726e.exe.couleur.png, 1
berbew/a0e400cfd836bc318d51eb9417960469f11760d87f654670aa58d986b9b51f69.exe.couleur.png, 1
berbew/58d7700fb5d96ab107231c7af053ccfbf4ff4eadaa98c8381be7950473b77310.exe.couleur.png, 1
berbew/a0ecb81586979a545441165547de3745472e55875feab63410b0a05571e7cfbb.exe.couleur.png, 1
berbew/c07cd0bd4b2394279074dd8830578ad348ecccb78ab30ba3ce3a7757c0d8a235.exe.couleur.png, 1
berbew/67f645e9663afa5ad4d57ee199af0efd00d9a24cefeaa9cf11efd86a88862db4.exe.couleur.png, 1
berbew/c0f9f82323682cdbb1090cdb5ccb431de69ba8bcf90bd77c5d90647f1a5d1c71.exe.couleur.png, 1
berbew/afdb42525e35064e7d3ec0a2b487ac0c9beaa1aa1589ed74b0f9e09dad8faf9e.exe.couleur.png, 1
berbew/5986a67ce192430254a226ee329d7c865db4054b8f0f7cd6daec940100c6c541.exe.couleur.png, 1
berbew/dc4345d98663f26382570329e6e4b0d8afa236ddbc3a8cb3160978f1c7ec0afc.exe.couleur.png, 1
berbew/21e13e3c41096e7d3cc214dd7321ca30d6f05526c87fcbb368e12ef030702866.exe.couleur.png, 1
berbew/8931596740e2b36e1f670ded035db06d8f59d7aac7ca6a2a18f22ffbaca9e315.exe.couleur.png, 1
berbew/bd5599a6b9e570ca7f084610ed27e782731a29b4caf4e5d6803dded04fbdd99a.exe.couleur.png, 1
berbew/52f746b63cd82c8f121ada4dbfdcc7c5d28340fe0aae2ce0739bc6c46203e6bf.exe.couleur.png, 1
berbew/da3a865c3a5558338532ff610f353676d28582f4f15fc0adfc3e14d76cd8d236.exe.couleur.png, 1
berbew/e2a0481874ca774e7fa6b91651b561159f2f425252dc7c691c1a01f69e3175be.exe.couleur.png, 1
berbew/95ff3dd120d0a545ec6f135de3f1f494a5b755be8799e9629fbfb2baf6e60487.exe.couleur.png, 1
berbew/0e5c793383351b00aaf0e1b4f3b9ff0593ea330f28e7d329fe8fdbf118c812dc.exe.couleur.png, 1
berbew/687511befefcfb8a7fa2eb7f7b1825f10698bdf1eacb8c6ae87e11669c98ebe8.exe.couleur.png, 1
berbew/fc820e1dfe44292c17618175595809b3df0bb37f10c9472b30ec4ce29e81c305.exe.couleur.png, 1
berbew/1f6354840a6fa888355f204f2b19f991380e58666c9f9a9d3ae147eeb4abd87b.exe.couleur.png, 1
berbew/d26c35947f83dab4c94ab8f5a4c2bd24aca2dae10959290b44b049f503178706.exe.couleur.png, 1
berbew/66041121b326a9e872b46cd3fa4908ac1a8f9b95a40de88ce4b2b7686b58e984.exe.couleur.png, 1
berbew/eb5d30588c8c01fbaae1a67aa71719b7847d48d390fa9fa79849e229637d5e51.exe.couleur.png, 1
berbew/bcd6d8e55b03c3f88dd6a526cb0b9fa67ce985b0271e1f3be2c780654b9d78ac.exe.couleur.png, 1
berbew/29c9b2edbe135514c9f03ceab6217b75d7ed07804a942053743e93b5e21d8b7c.exe.couleur.png, 1
berbew/572da8d19af84d7c6edf4cbd4b1355a0bdf2c393de82902c85c32f3d3402f0a7.exe.couleur.png, 1
berbew/7196f11e52797943fd1df163bc186df4324aaf42374dd812446e84dbf8c19cce.exe.couleur.png, 1
berbew/e756a7b38d53af700ef3cd1c922f6028540c470c7213e8836c78a60bdf5b471f.exe.couleur.png, 1
berbew/2269edc5c509ec2a39b04bf10598dcaa63e177c98dd42dc24fe922dbf2647df7.exe.couleur.png, 1
berbew/388bf6091705f8ffa5b7f76628bf98ae06a16659ac8dee7c8754d4da88556a20.exe.couleur.png, 1
berbew/2702fd383d70dfe0db7d391aa830d14a9cfef883c568ab81e1056d53364facd7.exe.couleur.png, 1
berbew/630ec8ec08ebc61d822a106f4bd53fbc411d4d3279aa4ef13d9fb133f016782f.exe.couleur.png, 1
berbew/974c74e88d543fe68cdbf3850752f1d3b6fd0941eabb50c4ac7cf3e5a44482ad.exe.couleur.png, 1
berbew/d054decb465e95e9f6dbee0a15c7ae78e3e33ff55788ccce447a9de3c791aefe.exe.couleur.png, 1
berbew/2e29de9b319e7eb1e1a478f9172215d9e1ec1f8e9598b51887248ebbbb9809e2.exe.couleur.png, 1
berbew/8efccf176bd3de54ceb37e942f99d6836e4bd84882c64928927d63e8c13af89d.exe.couleur.png, 1
berbew/4c4489aecead301b1e8743c10e09ccc126168b00f83568e6647dee13d463a5fe.exe.couleur.png, 1
berbew/910ff2300266d02c60d9cf39f5a3147af493e58464adb4bbc1b0abff1206cc75.exe.couleur.png, 1
berbew/5704e69432e1f4c4524253b197d28c8324b7d467c16ee420152317f6d84382ba.exe.couleur.png, 1
berbew/72a764d9c04d0393019a0452a57486d8aada414986d218dae7cbe288a2fabd90.exe.couleur.png, 1
berbew/669ed6c474e37ccb7b235d4bb028cc5ad410ff6e2fde518de79cc5fa843e6529.exe.couleur.png, 1
berbew/be8bf50c4057392a478804b27e320ca36b7896ac9ea10d7ae6ded73215704752.exe.couleur.png, 1
berbew/bd6a3bba0c19746669a2bb173e2890388237952bdd234473eb2bd966b53e5f85.exe.couleur.png, 1
berbew/b64d07de3ea2929edf65ac784216f56ceab0230413200619523a0f452534c141.exe.couleur.png, 1
ceeinject/3bcc8e0b4ff1264f35b39913062754fec6c9280928a50a8a8a34e171d776ca46.exe.couleur.png, 2
ceeinject/6386404b463574dcb7d4afd5c50fdcd0173f91bc18ce0d0cae471b544b3aa697.exe.couleur.png, 2
ceeinject/a185f08bb1ee0d45529c3a05a3776703c064d202db7b71c30f22916bf63ae112.exe.couleur.png, 2
ceeinject/af1dd186aeda109a7e1922e7c3ace83409c3b4021a051988baa5eec74f1a464e.exe.couleur.png, 2
ceeinject/7aa7f3387fa6b556dcb2ccb79bf7e097fd152da4c959c914c85f7c05990489bc.exe.couleur.png, 2
ceeinject/bd8f2453d31a1a3a76e9bfe7696fa2122313bc5b9539b889dea9ffaffc6b1578.exe.couleur.png, 2
ceeinject/4631bdb8955cb37876bb78c649e905a734fff6203309cdff2e55022f9290b050.exe.couleur.png, 2
ceeinject/8ff93dc43277cbedfd1ae7e79bd08076dbb392aebbbd5f469c2edabff39ebd48.exe.couleur.png, 2
ceeinject/95ecd63969964ac53879718fa7af0269873a345924c5102efdc7d026a392c4e8.exe.couleur.png, 2
ceeinject/621ddc3ef1862640edf89dc4d644ef127f2b576ca03700af9fb8c33088850af8.exe.couleur.png, 2
ceeinject/730fdbd08686bc55eb9c35be7db3d063b24ea95f08eefee700e33c9456513608.exe.couleur.png, 2
ceeinject/91f351f2514d64832674ff1419a93a5e8d71492f76c0b3be684b5f153b42662f.exe.couleur.png, 2
ceeinject/67bf113c2e04c0927e2b6eda783d1007f475f8689c2bc264031e182071a75a38.exe.couleur.png, 2
ceeinject/4e7f7419c2500a0b9473984939dd4feb9c11cddb05dc36c74c6ff06a5e22e067.exe.couleur.png, 2
ceeinject/7422faa6de74995e1a08f42246f20c6963d18dcfa9e4cf36416bf486971099b0.exe.couleur.png, 2
ceeinject/0bc5f28ce33aec6905e606c50864ef1ede106ea64ad3f849e0b888e55d57b822.exe.couleur.png, 2
ceeinject/247ff114393768f4bfc2225faca7fab85925400864bbba210cca06c5003da9f0.exe.couleur.png, 2
ceeinject/8c0541cefb25094ff236fd1fefdb6f4e96f84fe077f4f2c393825ca59c66401b.exe.couleur.png, 2
ceeinject/3de8a1c47ca3be5afccf3dfd85701d0d08ea072ae9164eab75b446533c8196f6.exe.couleur.png, 2
ceeinject/cdc0b9eec88bca8178f24bb1bab03e17f9fc96f67f8ac3c77419212fb876f134.exe.couleur.png, 2
ceeinject/9bcdb454cba10cf9aeafcc10fb0a210bd41c836f9d86f8033b51c1f9f58c248b.exe.couleur.png, 2
ceeinject/db9dfa0c14b21cad2b672139ab16787827d4a7f786103b087c37e63c2a550a80.exe.couleur.png, 2
ceeinject/2fcd8cd66214c72246c0a2a2e6dd66c38b8fc6a05bb79fdf9adef73e0702d7ab.exe.couleur.png, 2
ceeinject/7bd4171dc6806f6f055c0e4f171580adfb4ec6d512ab64a5c561258ebc5d9088.exe.couleur.png, 2
ceeinject/1ae90cccb80d58086d4d6f4f0905a403a365e487dfb9371bffa62eb96fc3afc1.exe.couleur.png, 2
ceeinject/e0334cbd4622edfecafd42ec6ebbf38d62f3f81c5ef1e9f5b0893b74cc597285.exe.couleur.png, 2
ceeinject/504f5a6afea422d525064e42d2a0c42e1d197b13c7a73050d5f0da3144d3386d.exe.couleur.png, 2
ceeinject/ea0af968e1e794263bdbf4d1b6088c610f97bd844d190634b56657ba5a151013.exe.couleur.png, 2
ceeinject/0aa8de1a5738d43bdb890fb7e28d8dfdc36fa8bc756e082fb1d25a84d7d94dd9.exe.couleur.png, 2
ceeinject/cba089e223249ccb7dab119e3f570c1176506897c2d644c70c46a75ea4adbce9.exe.couleur.png, 2
ceeinject/cb566bdb52a208a4a76b228c780743a3c917c7f279f4eb30200203e5750b23af.exe.couleur.png, 2
ceeinject/84d534eaafe12ca637c3a51eaad58d102f8b8d00d3f4c63a7c2e5a5fa274abe5.exe.couleur.png, 2
ceeinject/446f8042c6cf1a430d2326a18081816124ad12934741b20b617518556296c230.exe.couleur.png, 2
ceeinject/445343fcd3739b5dae52dad7f2ab1fdfdd963314fc2d837cc63cfef856fa736d.exe.couleur.png, 2
ceeinject/20241370a830c0e8b57ee94a2223cec08319d6afe6ea7d2a106f8820b5df75e1.exe.couleur.png, 2
ceeinject/77801167c092bb14bdee356df831e33ec8a2cad6e9456b8f57329b57aeafc682.exe.couleur.png, 2
ceeinject/2f6842afdec82fabe241e1d48adedb22204672626fb01ebdac0ad53f67b2c0e3.exe.couleur.png, 2
ceeinject/f9c5d8df26126e1859a8155a415e1a2b98cecf5074a38536855ffdc5141ccffe.exe.couleur.png, 2
ceeinject/f783e7bb6744c51c4168d364993273d87f988affdbc75ddc46b720d3a0b47590.exe.couleur.png, 2
ceeinject/f62fd161ed7f88df2c2686cb22ec673348df05a4621008916e7e5e9ff84333d2.exe.couleur.png, 2
ceeinject/bbd83337e6b833e95f9a18a57a21ffc3013afe6c163edc4711d12d7daaf57b82.exe.couleur.png, 2
ceeinject/8c55fb7a1127168e516015982de344de7277ed6ed2c051e3787bbcff24fbab9e.exe.couleur.png, 2
ceeinject/0d5173a6143d68520259da27191f0c3d4be65cc48d58e0dc2a433594d68e70d1.exe.couleur.png, 2
ceeinject/62ef9386b51e1dde60a3dc46a0ee3a65ff3baea538a189e2fafcb93232a33e1a.exe.couleur.png, 2
ceeinject/36703facd565188e87a563cc2c33c8456c6a6440af36981b2a4da652c4dec208.exe.couleur.png, 2
ceeinject/7ead5bd6034d25c715204a91fd27964ae17dadfd3ceafe2beb6b7ef097d94722.exe.couleur.png, 2
ceeinject/c1ae2b991ff8f39a2ebba373121c37edeedf35df1cd65884423f423fcbf1f20e.exe.couleur.png, 2
ceeinject/dd50f7876d0f7f0e63ef36ad326cbfacd4e6aae6b97e5746786e68d677deb041.exe.couleur.png, 2
ceeinject/dabc878b339b1191d11adffeb6a349d1e755eb35177ea40d5e8d1df96bb44aea.exe.couleur.png, 2
ceeinject/362ea8118d0fae523137ce68712fc3783d821c1acc5551261472bad28313952f.exe.couleur.png, 2
ceeinject/d1356224a9d9e16270947f3bf1e63ce294e39a4827e559f02c695fdbacc4cd6f.exe.couleur.png, 2
ceeinject/a1dce664b2a5b0d30d22125c10ae457f5f99b36a2b68f2738f552e64eade9d41.exe.couleur.png, 2
ceeinject/41255a9260cb8021ad1be886df86698fbab8520302afa9d9cb409dfc0881acc0.exe.couleur.png, 2
ceeinject/4d8d6427edb90e1a39cbc8746cc1bb1fa06aba978e80d599576acad7c7c55047.exe.couleur.png, 2
ceeinject/c603369af8438e25d202d54ed4d87d72680923d924de78a14dad7759da7befe6.exe.couleur.png, 2
ceeinject/873d56379aaf792af1509d2684ad15dbf63b27e71d9352f662f6d23367261d4d.exe.couleur.png, 2
ceeinject/ecac28b6a70883e1d4b5b68ca5aa725f493af70aca7f872d45089f0c53f4d470.exe.couleur.png, 2
ceeinject/73418ab4505f04634327f9652883c95905003e80bcc03f8015149faa2eda696d.exe.couleur.png, 2
ceeinject/93e5c9049cccf3cda13d42b946dd5ffb553cd5879bb064ad694bd6ade3bfafc3.exe.couleur.png, 2
ceeinject/ad71fd404c8bf658c8f1f75c9a87d35f28d502299663074cd09cc1ca8a95b9d9.exe.couleur.png, 2
ceeinject/2b3812ee61ed5db9790c5c8dba0639d53e127c18743cced01b5cbec00b737723.exe.couleur.png, 2
ceeinject/7def0f5d520bab35bdb3d411dc5cc19b7da6341fccaa1aac1a6d080fbdb8c990.exe.couleur.png, 2
ceeinject/67bdf079d7d30621d87a78510c1e20a0b06f572ff87e84f68b7a65d595aa049d.exe.couleur.png, 2
ceeinject/d717991e7d1e4abc827ff4a9983be15bacdd6af119c33c9c412dfd36528f14f3.exe.couleur.png, 2
ceeinject/1a2406b196d99f5407bf7b9e67209b808a9f4f5416c73a9eff6149d0387e8b4b.exe.couleur.png, 2
ceeinject/43618df33704e5586347ef967c7fb7f535d871ee160dfcb4af8ee707279d405b.exe.couleur.png, 2
ceeinject/2625b9e6e85a4734144190019e85cd04eee04f3760434a38f4bacdb733e84497.exe.couleur.png, 2
ceeinject/1124c8cbb0ba0648258b73dbeb0dd370b932b5d24e36babc26e62036ba1001f0.exe.couleur.png, 2
ceeinject/ce06d276c272e754e97b44dd2f37dcbf7264e4c8f302cb8e8e92aab073e4d4a9.exe.couleur.png, 2
ceeinject/c04b0b64d682e4aef5148fda887c5d4dc5c67093fac9f2dea4feb9afe31f644f.exe.couleur.png, 2
ceeinject/6e01da88b0fec888988052c242cdaaf0259ef295f56a32daa2cc16ca67c4857e.exe.couleur.png, 2
ceeinject/3973ea832f9cf1f85aebfda176855cd9faba0e87e36584f1c46ed10c2d2c7541.exe.couleur.png, 2
ceeinject/ec64d24a48b4d74ee1b78fc2a360371ca8034df5a4dced80fc659c0cbc881f90.exe.couleur.png, 2
ceeinject/8deabd01eae24f78c37ce4791560feefb2ff686fe464c1036b22eeed879fd48a.exe.couleur.png, 2
ceeinject/d3be736aadb4573ab192d88c1b39aec161d1c35bcbaa6914c397149e1db9c54b.exe.couleur.png, 2
ceeinject/c1d2f51ca4f93d92efd88c10178005950bddd077eea3b655729a746d166d065f.exe.couleur.png, 2
ceeinject/626ab50ee2a237e00755ea5ddc204599b7848492e43ca01aac3fd99dc665e6f6.exe.couleur.png, 2
ceeinject/86e35430a04336effd8b5347ae1d5a62be20e53e74fb39cd08e167868f15a014.exe.couleur.png, 2
ceeinject/a1f5cb920ff44d2799c2fd9b58ae68de429d5f30c03ab326a2f3bc458a4a7ab1.exe.couleur.png, 2
ceeinject/576c8c7530eac08a83777d3df742f4a1151d371377690b497d25b086150ac778.exe.couleur.png, 2
ceeinject/8af591767bc4b8937918b5a292d3e4a4ec43c386871daa795e2391e7e4c3170a.exe.couleur.png, 2
ceeinject/94410633513b9ccd6a2007ef569fdf7a724fc7855581c843f3ab2be3e082309a.exe.couleur.png, 2
ceeinject/8389bf01422476f8a424870851a90397a2fddd783899bb4106563cde3d814e5d.exe.couleur.png, 2
ceeinject/9cf58e59410e08c6f711d6f5163012af97f9fa8944a1d70713c62869f12148dd.exe.couleur.png, 2
ceeinject/8cc2a9ef0b4bde024d31d82a13a2b338c9d5b6068bc1f49943a325939d0b735c.exe.couleur.png, 2
ceeinject/0ed8c9293139bd056c2bf7aaef99286194336aa9d4b5b36191671297e8bff2d3.exe.couleur.png, 2
ceeinject/b435401da1659e44ae2d36cc7b1657b5e2ba98748ae20e40f5414324d1ebe93e.exe.couleur.png, 2
dinwod/bfca612252e9f0b19f38cdf94b625c0a1231d7b267eae802cdc5dc0ba3e3b1d7.exe.couleur.png, 3
dinwod/e4c197e9225541ddd68893aa6c725623268c86e80afd1033bc9f4673d101a32d.exe.couleur.png, 3
dinwod/d2a1341c7120cebc45f596ff74fee40d142ff061f9f4673db78e87325a1efb9d.exe.couleur.png, 3
dinwod/2900b6a31df4cfcbe68db692cdba3b9f330b8ad1f7297ecd95417c7f8120424d.exe.couleur.png, 3
dinwod/ebaa058000ca3d68493e421051522b4ad284055e30cfaca28482a0a20fff6e5e.exe.couleur.png, 3
dinwod/b7d22985c336ee71094014e1e3c5c69425447a4ecc275b2c6e1dc82362d95d4a.exe.couleur.png, 3
dinwod/d9768dead24c82186f5bc285e671fa386bc501749e412b2fb8b8e52eff73ac35.exe.couleur.png, 3
dinwod/3c6191d804d647013ef89697de5e88c2cdbad8d2f20696d2b7c88a912aa8da38.exe.couleur.png, 3
dinwod/3de255de6c59607f4677e5c4255941828787c6871747fc00371593568e3d5492.exe.couleur.png, 3
dinwod/65d65d7062949576bc4724bc2cd6f1f906128e687543c9b57926558a38dc26cb.exe.couleur.png, 3
dinwod/cd164b35a0977014ff79df2608309cb5bcb8a9d04c394fb122c44023e64a046f.exe.couleur.png, 3
dinwod/15d0d3c719280aa44d7703575728d9d9c7c18c4132a01f666d985ef0465ee713.exe.couleur.png, 3
dinwod/85811eb12a7c1d173d6efe5a1615359783db4836ecf8d6a88fc45d5ef59b347f.exe.couleur.png, 3
dinwod/ec8695f55a0aa0bcd91b2a7b17afee5924d8fcfa0f8e3c6e9ba904f108536467.exe.couleur.png, 3
dinwod/92b2fa80d7b31e4d20ed78950d8381569658424c31b1c65a05e6dc49fda2c213.exe.couleur.png, 3
dinwod/e80d308cc69fb644b48568abdcc5079a7f0b19cf6153b493b86784e3a8064d10.exe.couleur.png, 3
dinwod/d31231606322021d23a190222317ccb42c4348bec1e3ee18ecc8307b4c6eb72a.exe.couleur.png, 3
dinwod/991d33d48b125841b13f445e219f25a58848ea8d071e806574897f7dfaaad891.exe.couleur.png, 3
dinwod/4ab06094fd3ef9eb3ce57a39a3554c547e4f8d672198da56e03e0174eb350dd2.exe.couleur.png, 3
dinwod/054e9eeec0b8c5432acff367bb739e7b274183cb0b9eea817e33bf9ecd2c0b0d.exe.couleur.png, 3
dinwod/c15b506f6381273f3fd9b956117c6cb016c0ce301d42ce68c5f2f45ca0c40bb4.exe.couleur.png, 3
dinwod/c11b8def667895fb8e876f05b429e3c79eb89d6780c8415029d765ec36093ced.exe.couleur.png, 3
dinwod/e989bf35af44a0d636097b689fa43a015f6c47f77b82706b7eac5539a3aab0c9.exe.couleur.png, 3
dinwod/82bbc55dec6e2e0bd143099054df742e2381ad464151b5e13e8d08879310bb35.exe.couleur.png, 3
dinwod/7f23bff769a43cbeb502b02075a68c28ad89a5bd1053462fa5a6d40e9af3e24c.exe.couleur.png, 3
dinwod/4249b79874c48c1d0ef7a76e5dcdc77d4d818f3b1be5b061b95bb018c4ebaa24.exe.couleur.png, 3
dinwod/050372d48c87eebf4c8d5aca21d6111057f93c447da8413ad86ab4ac94140069.exe.couleur.png, 3
dinwod/5655e66bd2abe4ef34a9cff02993df6cfe1dbf563d873690641f7b074ade626e.exe.couleur.png, 3
dinwod/2a227d8c98979ee932e85a0b78548f8e57482f8a393db26bac2ea0bf2aa58640.exe.couleur.png, 3
dinwod/18681ba332ce0cf3468ba1a17c5d1ffd75f7e2cdc92da27ea7593a7407b99511.exe.couleur.png, 3
dinwod/363f29ed6b46d2279c71d2fc5bb40dc73ad37c355d7c816f68f3e44a1a6dbf8b.exe.couleur.png, 3
dinwod/a51454b3e8326b4779a24017b85ae5e3797f33f2336da5849a0a032c44148ef8.exe.couleur.png, 3
dinwod/d91eb92842d202a60a6c48c1040d8375bcbf4ebe8ce0158f362aed98893ea2c4.exe.couleur.png, 3
dinwod/8ee404c47a42b0244b615d8fe5b3810fb4817832fb26e526c573f3ce4875eaca.exe.couleur.png, 3
dinwod/70fb3e3b5a070f192a42a462f3443e6b0e066c78a917f680755ef192a0c95161.exe.couleur.png, 3
dinwod/4228e2f45c54390cf9c22dbda09909dde232c41d16b69dc8ae3de5d26615ebdb.exe.couleur.png, 3
dinwod/f224d5a2ad0504723b13a96e9a46eee47e86b5d900266e76ada774ed44bbf032.exe.couleur.png, 3
dinwod/feddbfd54774042684bad21f1294851482e1ed361734239a89e62c7f455d4a92.exe.couleur.png, 3
dinwod/e9817e2645b18c0512e6d0685635e061ad347968271fc7615391c4c8f3c16f59.exe.couleur.png, 3
dinwod/ab3b6718370d30ecebb5ca163ad861062d8b3a3604a3caf9ccb0d32af71a08e2.exe.couleur.png, 3
dinwod/8f9eaa6e5b5ea0965c9ef95962f2cdbfbdeb07b0836d047e660a8836205de53a.exe.couleur.png, 3
dinwod/2ca201ae5ed1e1d1cea2d885add6379185c5dd9ce2ad038d59319d5dc2ef2c1a.exe.couleur.png, 3
dinwod/90946731070abdcd59d2df8490d499f6c0b69df43d5475cbb0b249bdb0a3d2a3.exe.couleur.png, 3
dinwod/03339e0988618e4ddb3bd9ddbe26404f99ab0ba37284f9df0dd0495a39be0a73.exe.couleur.png, 3
dinwod/f3c7ad1a89f35e586703a79851a469a5d73be73951d85c26c20547969d7c69c1.exe.couleur.png, 3
dinwod/8ba1e510ce8d220cd393c407f0f234e32d8d5bf00197fe37e7ed4fbbf186bf0b.exe.couleur.png, 3
dinwod/4eaded3c324cc0ddc4d259f637ade413de1a2010f6053c9394da33d6d130b0fa.exe.couleur.png, 3
dinwod/63a43fbc1a8f41a28f24d224fbe992555f72343fce1088e77facd0e8baaf9f6b.exe.couleur.png, 3
dinwod/7f95ae0a9d228f597e8e3a0f5de6c9b9c00c5141e05b7b6f0b6c2d1ba6465f92.exe.couleur.png, 3
dinwod/cf66219d664cd79e334fc8a382cfb11019ce812b85f7ac16f97be8c4ae739ca5.exe.couleur.png, 3
dinwod/1b5d20fe5be222ee176b5b268cfada6b19dcd6391443c18d7348a18627a49b04.exe.couleur.png, 3
dinwod/d1a5eee696f63d67801db2a74ba3c1cc440380b014ea817f612ae9fac5e3d939.exe.couleur.png, 3
dinwod/638c7c57c40320f065ef4e9063dbf1293655b0c0c36b2d2498fd6ae5a24df5e3.exe.couleur.png, 3
dinwod/3d19f86b019aa74c6d5c5edcdb94982ef6d695b5888c8e11006fc7fc36a4c1ec.exe.couleur.png, 3
dinwod/56e4faaf19e771d6f77f511ae07280dae15a2c97b45a709fc2877ce0d9ee5655.exe.couleur.png, 3
dinwod/3f50b40acb763341707e0418926b6ac95f80dd892d08e1ec5aa1ab02e3001def.exe.couleur.png, 3
dinwod/5e3b048717057c10b9b4fb09bcded1cce7bd440d2d3c93aff86783584e029013.exe.couleur.png, 3
dinwod/d2bc6374d2f163a34fef174409607b0fc1b03f937be74f3f1608d43a19588b30.exe.couleur.png, 3
dinwod/5e8f9a8f8ce8190eb5a53c8310f34ad7586f2cb0d210154e23d530dce58865c7.exe.couleur.png, 3
dinwod/11898cdb637dbee8309c333cedcbba2c127ef8c72b15af83a0ed5aa5f811e542.exe.couleur.png, 3
dinwod/96858184c52fa362cebd0708af2ee9e8a79613f129c724a60f2d58b1aaacb246.exe.couleur.png, 3
dinwod/0dc9c871a3eafbdc8e31ecb629e7bcb41288cd79f792ad6ddbb625a164f314cb.exe.couleur.png, 3
dinwod/eb65c3d4581dd0b05ec4660d40591cde95a6507586d85f9fe748a4bd4f52edb7.exe.couleur.png, 3
dinwod/244e7ab181ae857bd126c68720eb2f212f9c12d76694761824de314779318dde.exe.couleur.png, 3
dinwod/82c4a4102a2e5049d2ec068606c5cccf1909f880d177a33cc407e0e6c30a675f.exe.couleur.png, 3
dinwod/7bbc537169f57c25789af238df38f02c365cf7b1ae81a2429a715e208aeb3e74.exe.couleur.png, 3
dinwod/947cebdf4da4d1087a0e9651f142768fddacf7cd8b881fcdb06e020d5da647d7.exe.couleur.png, 3
dinwod/50ec9ed6103b334d0045750cec42578ee12059b4cd4909a1e5deb013263ee75e.exe.couleur.png, 3
dinwod/76833e6b7ee3a34830a5d8f8c479bc6603042dde49de3dd9d8ea7fefc55dec93.exe.couleur.png, 3
dinwod/fdf723356e343907e0d895f4621ec045cf64217d2464991b19ae49c5b21b8782.exe.couleur.png, 3
dinwod/dddde27324cf20df5062e4d46fc22eb01fbdb6a120a2b15b494c12acdbd3089f.exe.couleur.png, 3
dinwod/cb272089c245d981305468b5e8cf71700c2f4b9a440d0b85d230554f33a3b5d5.exe.couleur.png, 3
dinwod/23394fed6df67ac8b95fe5d8b5e3567099fde8bcb4c89d47a51b6ae4983091b8.exe.couleur.png, 3
dinwod/93493755615c3342cadc7d92331f556473c5663ebb2b5e969413abda69495f68.exe.couleur.png, 3
dinwod/5dc15afc1b3e85f7533955f4008c16f4f47e177e36f4e7394d83ec8d4c180d8c.exe.couleur.png, 3
dinwod/d9d3b569a4b188e41706efca16f8db978782b2b080f4252431c996fa39bcda16.exe.couleur.png, 3
dinwod/90ba554cfd090f3083d48ef2bd3858f61a1421ca41e3ffb7dd3e3a4455906f79.exe.couleur.png, 3
dinwod/0d411fe6c1b8cf83c3ad5a11b72317c05e15217e51c0b3f16000509fafca9c8f.exe.couleur.png, 3
dinwod/d3c3805008c5e55c29a8ee9f9c0c68e54d4b979bf15ab885da566869b74e25b5.exe.couleur.png, 3
dinwod/b3b062025dac05d8e65e5d6fd3acad3b89f7342cc6e3e9c0d58a21b7ab49dc02.exe.couleur.png, 3
dinwod/b7f5569e011595992e3ac6628ae081e0135179ae622c5a2eb174c7e53f9ae130.exe.couleur.png, 3
dinwod/73fd143cf517918e113bbea49ea98581f8dff25f70c046f7b3a361dd4825290e.exe.couleur.png, 3
dinwod/c953399599c668bd42828437dcb372f8b7ec7c59bc8131c0c0bcda1f9e30681f.exe.couleur.png, 3
dinwod/7cd2903c883d8e04c9aa9a705a1533aa769050a5e76e73cf1b8e4e2155ffaab2.exe.couleur.png, 3
dinwod/cc92c83df374aed4cc9338f840fe84635ac7417abdf252cb1ad00421de40d0c2.exe.couleur.png, 3
dinwod/f616bf957feecf24a568f7c69d3b6c2c707069e419e02a817561cc0f5b1a7708.exe.couleur.png, 3
dinwod/d7b2f07ede799457179480fa4867a7415fe2c882ed92f3cc9df8f4d0179ca938.exe.couleur.png, 3
ganelp/ce80422835bb768aea3f431914b0e170e9719e9e13c263fc183569eb16827523.exe.couleur.png, 4
ganelp/8217ccf75914fa439f25c255c6d3c915cb7b76646aaa7786bed0c6832ccb0a7e.exe.couleur.png, 4
ganelp/725a5b3540135f111958504e73beec6ffa348e17a57b2ab9764133e0ead056a5.exe.couleur.png, 4
ganelp/79ebbeb2e9dfbc04f466d193f4391e70fbc0ad1fb8f0f49ceff7a28ab55ba4cd.exe.couleur.png, 4
ganelp/4170ae59b74e9320b6a4287481268345c3c86f1d26b7d65420dc0332a1fd401f.exe.couleur.png, 4
ganelp/65eaec5281ab39acb7625ceb3559cdfc5ee67ed5de053e939e72e0148fef2cdc.exe.couleur.png, 4
ganelp/3135896580906ffdd3eb66342bee4508fbbae2f1e0e4dce3979a4f0703406c2c.exe.couleur.png, 4
ganelp/88f0a0485a170b0e1293e60926111fb5b35abadb9c9dafe22a4d1b81b5290f30.exe.couleur.png, 4
ganelp/921aa2acc199b4c7bc5ba08b74d1eaa00bc21885bdf829b54bfedf3e8c0d059c.exe.couleur.png, 4
ganelp/f9ff7d31c2b15f704e84e573e5d0371f475976344196b2a809a5ec15b18fc767.exe.couleur.png, 4
ganelp/ac48edd742fd87e2c415fd9d0618d3a2879734db29cfed9b6037aca3b3f9be64.exe.couleur.png, 4
ganelp/bc02a0553b4e7f1d3d76917035784dac321dc45e2dfbe952c8d7c760453a1f7c.exe.couleur.png, 4
ganelp/6827243950dd9cba2697da74ba546d2d3b49e7df20eb9153d65b5e05cc2dbcb8.exe.couleur.png, 4
ganelp/30d3b6df0910b46e496b32c3386e7bcd21ea5bb492d375642a4c9cac899a9df0.exe.couleur.png, 4
ganelp/be5dbcb3c41eaa89c98ac5853b32503e1d5e9e458536264d55f9bf775b0fea25.exe.couleur.png, 4
ganelp/bbd06bce7c81ee07a527de778d183369e83be8a744d49d93a31c82a34f0a6799.exe.couleur.png, 4
ganelp/37f3c28310d779a71236d70bfa2929c24310f979d9f0f0618918adfed4d06801.exe.couleur.png, 4
ganelp/3795ecf7816d3f3e73330e54872f6c24b92870c15e8bf15e308212c9f1b33df1.exe.couleur.png, 4
ganelp/dfca473cd722138cf77e98cc3b7d2463d4e9b2de4e13f44c75189ea5ad61427e.exe.couleur.png, 4
ganelp/9a6f56e89d652aeb4a16db673fce30e8507262c23d00df40a6921ec70a515226.exe.couleur.png, 4
ganelp/b9762abf8bfeccffeff1f1cde59c86425fd666d2702f57a8c832bb47bc866152.exe.couleur.png, 4
ganelp/c46d9cea2b1fdd984925d7b38329653c4748b3495f072bb926bed516104c6013.exe.couleur.png, 4
ganelp/1fb164781d8fc1c99ec9be8eaf8d489c24e0387de9c64025f95758a6567f472c.exe.couleur.png, 4
ganelp/d8899503c620b3dd59bb7ee6d96d85a14556407fc967b420d2c28e7fb1f2753a.exe.couleur.png, 4
ganelp/caae119d0174bed5e3847e75ca27de08c591677e36de1e87b3ec536abe23701a.exe.couleur.png, 4
ganelp/3e5ea352c2dbc93ceb307ff5c1d1a84fddb8f7598e7439544ee38ad88db86462.exe.couleur.png, 4
ganelp/7c75f63842563982ca7709f7acc5e6f3ba1d61d8eb27251a4de2accdaff84e40.exe.couleur.png, 4
ganelp/6f0fefe9ee565b11d9b26b0da425f8c0c7eb804562b3c6b1790983cfb7d6b800.exe.couleur.png, 4
ganelp/d775e6fb7540a50ea6cfb7e3553f4bdf0ede6384d0a9058ba52af16b239605c4.exe.couleur.png, 4
ganelp/9550355070dbbfb4b8e794662b5d225e6662638693e4d62f5883c5c6bf62ace4.exe.couleur.png, 4
ganelp/f9a27c3e8384f5be2c6b04647ee7b22c49d786a2488d0d2fa1b205f346a7f520.exe.couleur.png, 4
ganelp/fe9860226be1707ecf02006760ef59d181d90b87ed359350935f5d0e7bb4bdbd.exe.couleur.png, 4
ganelp/cc0f54fb198bb7f017f6bb6f59c4277f9ee8167457a3a1d43e3c12460aed42ec.exe.couleur.png, 4
ganelp/3d179efced54086c6974fa483978e29f53265bb7fbb38c5346576c6f8eb6c780.exe.couleur.png, 4
ganelp/4a10dd763e38c2f94fc05b11f988394f7fafab8b6500bbd3d32c669f4c5aa61f.exe.couleur.png, 4
ganelp/229289b0d224b14adef42efb2f2018b0347175e243d1f4ba78e09bd7b4f4c40b.exe.couleur.png, 4
ganelp/ed734d014c8fe5327047ec15cf9f758e4cf32af832d95c9829796b5768b1ae0c.exe.couleur.png, 4
ganelp/71e9154302fa25fbf064035ac092fa1e30e942b6c9d68d5cfbeafcf73067f514.exe.couleur.png, 4
ganelp/a2ec18376a007bb57bfbce52c6b78031f1e719f484c1396f1664370a186bf306.exe.couleur.png, 4
ganelp/6701528e9662208af95a913c9c5e8ad5b3d061b360380fac4a9a795826bd655e.exe.couleur.png, 4
ganelp/352e59d64053dc3f6611b329b16c58bb1681e1ac09b66d861dc3b81974a4c2de.exe.couleur.png, 4
ganelp/457f58e1cb8e7e3a7da55f91e39ef03c1e34094fb93c22c0a819510bcd2b16b5.exe.couleur.png, 4
ganelp/a0aa737837140183746874c39ad76e5b7ecf8536013270e9d2fdf22601ef42fc.exe.couleur.png, 4
ganelp/9859dab5c87c945067d7c39b1d4ab1129f9d1f2695615666d1b7494b5524a720.exe.couleur.png, 4
ganelp/2a8846bc4a3d1841c587ea5c4f1f45a9d772198c8acffab4e7a8f7e9f2712974.exe.couleur.png, 4
ganelp/46be2de449722beb85f86ae881e8d5e8381c09ea45dd23253cadadb97d328d5a.exe.couleur.png, 4
ganelp/780386d8e102c113be7905175e33e76013f0f8a2e0921755cbc54782d977318f.exe.couleur.png, 4
ganelp/956d02a9d26e63c5eec257dd74524f38cca5a6d5c5f67962a3404f3b465d05d6.exe.couleur.png, 4
ganelp/38664fa6e60249516411e5971987931f470da4a4f59d1d1121ced3ac359fe201.exe.couleur.png, 4
ganelp/b02f4bf023761cf263a4a3da1cec7edef7c6739124d4d6ab39c90862f4e07fbe.exe.couleur.png, 4
ganelp/8b9c381f3775a7529451aaac832838e61af21e07def0530b10ff2e6b44181492.exe.couleur.png, 4
ganelp/244ce87d3b364b1578bda854042adeb72f15a7e7cffafad99f20a5a34930cc42.exe.couleur.png, 4
ganelp/8898ed971c745d475ee5967b3415093e67e250122d5ced45a48323bafe43a910.exe.couleur.png, 4
ganelp/4b238ad49af6f5e53ac73bf135b747b551f8ca306b3597fd42ef17fae383a583.exe.couleur.png, 4
ganelp/d3deb100d0374c3aa5d4ef770011c5ce619235ea4548962320f54662cc735164.exe.couleur.png, 4
ganelp/d8ac098a834cbbb39f7e96fc5466e477d80194193ee174b5cad7e24a254d2acf.exe.couleur.png, 4
ganelp/1d6056ecdc7b92f7e376dce35639e37cce9efa0f3454eddcbc3642a25985568b.exe.couleur.png, 4
ganelp/3e769f28adcd555b82c79d2ab7b18e9b067a071e715fb762fa68c847a8c8f6b0.exe.couleur.png, 4
ganelp/dd507d11e37b7e27c950c653b92c515a02cbee1504d89dc220900ebafffe1950.exe.couleur.png, 4
ganelp/0f67dc524b87ab12910353cf5466362134648bedb7ba7b59a93035d3847a5495.exe.couleur.png, 4
ganelp/dea2cf0abb33759a9833f158e798f6548b6645c7f1a7a428213cba10c1144dea.exe.couleur.png, 4
ganelp/4dbe93e4b1355cd89f28aae0066e54fdb2b18260624079fded4bc93310db197a.exe.couleur.png, 4
ganelp/8da52aa267678fdc0023d8e187cc25f4cdafd8a253140404366a62f7e0ba22f1.exe.couleur.png, 4
ganelp/89d032e86a62327ff9e36762ddf285784834367fae9440e65caddbf2afcbd8ff.exe.couleur.png, 4
ganelp/1075dc8dc0171daf99533760c2039644856154fd99c27346b5df35d2792c73cd.exe.couleur.png, 4
ganelp/930f0ac1ded43571ae2ca6fb265f8be134742f1e682bc4848d7347814af38525.exe.couleur.png, 4
ganelp/a9380af3c99cb715aed31c48200e58b07ec480e0802fdd30858003e67741ad56.exe.couleur.png, 4
ganelp/d168cb61a06b6eaef56856e31b4a2d6d60a8cc5a696c022caed2989b2997a135.exe.couleur.png, 4
ganelp/007b57d0ba99bead19604b8197890e2a0d57c467bac65599e1da8ec59a043137.exe.couleur.png, 4
ganelp/fba11cb89f5020052e8e79304a177b530696fb6bb0df79f1b9b9318224acd720.exe.couleur.png, 4
ganelp/e57d1a0f59ca1c3b5f07723858f5767b1ca1fcd28839cb6ee77f7c701e3ec992.exe.couleur.png, 4
ganelp/75d330fac2f9f953ab04699cfe7ac773caf258ed5157a4bce4c6b2ab4c42059c.exe.couleur.png, 4
ganelp/cae72f38fb3db97aa41ebd1b628933756c0ac25ef6a047d4927a5ebe9c3c9993.exe.couleur.png, 4
ganelp/62b9dbe19fdbab575b7c1956f32db7b07da1ddf960e1ac778e33eefc1fe56209.exe.couleur.png, 4
ganelp/fd287b6eed25bb68d80bc8ce7c0a8bfdaa5af67f45adf6f34e5985712b6f6c00.exe.couleur.png, 4
ganelp/265c4bff9ee367be864c4b689c455a932bd766234c4df9157f8435ecb9145850.exe.couleur.png, 4
ganelp/1b7fa2c8dbeb81d2013f82bc8b9fd90f0bb6726914c74739267a203a6b0e0401.exe.couleur.png, 4
ganelp/6d9ad0ae95ed6f142aab91425eed990fda6e1f22d9ccb8ac7102dd310b542cf6.exe.couleur.png, 4
ganelp/d491cb62de8d430afe7f3660df021f25b2512a3604ed4a3ed9fa8417b9e7a83a.exe.couleur.png, 4
ganelp/9752a1ea44a4ab7a3e22f0595c787d6fc5fca2b40392e9482015aa1a793b6500.exe.couleur.png, 4
ganelp/4aa0f7346ba1a2d720a2d86a1e324569ad9aa66d4c2106eea6a8a7a4d7c11f06.exe.couleur.png, 4
ganelp/cb51f2b74a8aad83e1f87d4c10d5b2a99ca693b4c0121bafddc88f5eb3da9f44.exe.couleur.png, 4
ganelp/502a69a7db26a480651141fe444c8c0718a012aefb810b44caedfcf721526395.exe.couleur.png, 4
ganelp/3fb30d5d0ad3cafdc9c9ebb5ccc6ef0181cc4c9f16efad1f8289253a3c0de5e0.exe.couleur.png, 4
ganelp/c06e50601f4018c0d3bd26273fa2fa77f7549eb4653b5d6981375e8518fcc3e1.exe.couleur.png, 4
ganelp/58a63236f665eccfbe9b7d7659e23a16b282197fb2d0fb73c0bcb5061dc0010e.exe.couleur.png, 4
ganelp/4b439501688ef10a37a861c4a945f5e6875f7c3f06a8d266da4fb66c54a7e4f7.exe.couleur.png, 4
gepys/0ed507e505eb7542128b4d5b50db219dfedea9c33460b2e2910fe30efe48f0c0.exe.couleur.png, 5
gepys/bda942af78940e268fd3a2402ad7b03dd3fb6173ef2ca9a37badd1566d120a02.exe.couleur.png, 5
gepys/257a5e3367ed4c6c026d267653db4b9fcd763b28934bda033663bedf2a86d504.exe.couleur.png, 5
gepys/e200db3f83daef601067ed9fdd91130899567f6afacb027119f679cf1e633278.exe.couleur.png, 5
gepys/9c427e285bd001c5725c3deaed0a0160d9250ef3ad6826a3a5796c6bfdc711c0.exe.couleur.png, 5
gepys/2b6b9537a24d64f8fa535c87f98777d5710ae3b111757ac6f5edc45feab8d69b.exe.couleur.png, 5
gepys/ad8b2174a38e1be65e9c2ee8beff281da6064b45e92bd732d4acdd9977cd9dce.exe.couleur.png, 5
gepys/64f09b35614853065baa9c8f3e866d72964b9973dbf2914dd96d322d1412b5c8.exe.couleur.png, 5
gepys/6e5b654f62697559ee1d55c74e58ddcad93ecd68b3c45f5e2815939e958fcf70.exe.couleur.png, 5
gepys/d202904869512a726a1b2f974c2df4ae5f01f70f09e2d2736bec404591b1d9a9.exe.couleur.png, 5
gepys/1b844d72f11c09e348c8e4b56d7a1215bbbb8d8e13402899ea2a4e74577f3d37.exe.couleur.png, 5
gepys/35eb63ad596bd9f304e17ec7d2a3324701d62ed5babf4b30746455e8286a973e.exe.couleur.png, 5
gepys/c73d2a8e697fb1029206ae6e2b829afdb974fe6664119159c68d0c673daaa380.exe.couleur.png, 5
gepys/d8ffaced47cef6efc7daaef29a7f86e5491446301e610a5c406a704da4f5fdf5.exe.couleur.png, 5
gepys/fa06ec59d4b903f53426b3cc89b228cc49191d53c8c80e50750370e33ee91079.exe.couleur.png, 5
gepys/6eb266b50cf9a3af5eccb3573ecaf3fa57e8e9e77e04488d7a82fe0d672a0845.exe.couleur.png, 5
gepys/ab19bbdd250f471f8631aeb8c01c8bf8706450c05525e102c368f46df7b5c287.exe.couleur.png, 5
gepys/598d9a69e8d197fae3276520215a7328d47e6e4fe2da90222a7ed66f2adb79d2.exe.couleur.png, 5
gepys/2c6a85621a6dd10c71049f800872a02921aa7d3e0a38c15a0bb8fa8ee8be924b.exe.couleur.png, 5
gepys/46eecc52e2e49ed371cdfa6be97a4b694ccdc991b24e94aa240750dd4318f986.exe.couleur.png, 5
gepys/087a83e059d782e25946690d4bc3e2fafc95fd2047e8e7eebc64644e427bf18e.exe.couleur.png, 5
gepys/57f1f61af3a147c0720d3730284444c4e0bbefbaa5e650ddd8644acb8d6cc9d9.exe.couleur.png, 5
gepys/0d77b1329ce36eaf9df6ee88372c4fa9dbcd151d984cbee7d085a500e73636b7.exe.couleur.png, 5
gepys/13c085be18d5c1ea55e24c336d6c5032bf9b57d513305cb72deb9be3d8838c4f.exe.couleur.png, 5
gepys/272b761b07d69686fa051c0f1515ebcd542d019662083927b9b0e90d17374d2c.exe.couleur.png, 5
gepys/952b934fea1d5a21237ff7c205239909ed51d0b2ff19e1209e858a20f34281c9.exe.couleur.png, 5
gepys/ca69bd57d635d3b239c781a943a7a9cc4b81ec1e5c624a0eefc5a1570301fa57.exe.couleur.png, 5
gepys/4bff6b7929c7425a0ad0572d34ad1a9aca27cca78b29cec8f49f90f4f7e0c6b1.exe.couleur.png, 5
gepys/6699dfbfd63095a9788ac538d72fda0b381de3544db29ab082f260a73706186c.exe.couleur.png, 5
gepys/a1611f327f0e792b17cf50a0eb66918720e749b529032166d89c9305e9d768ce.exe.couleur.png, 5
gepys/dd32a3608dfb384b9c66c30e4d9f8e3b1e9b474712e3531f4d78049219d3123e.exe.couleur.png, 5
gepys/d365f15b7c65a3ba9de42b91ab174f0e6eb484716f6d4ee5e246a4b31a8332f4.exe.couleur.png, 5
gepys/270160a26baa211666106826f4651e276c2dedd44620b41548a36d4bbd7c33cf.exe.couleur.png, 5
gepys/7031484fe10503510b74de5604680dddd67dcc12fae6758747e84c0a51d52259.exe.couleur.png, 5
gepys/0190dea5a8b4108308bbd837fc8d794cc515924fc18e90c599b78f05c8502579.exe.couleur.png, 5
gepys/5789d5325f6969ca0826b6750bc61fb8525aa9995c2967f4f34d9042e3f09615.exe.couleur.png, 5
gepys/2f41eb2c024173a8508cdaa7774b0772c7d94902687b5c208ec314e2cba0d4e0.exe.couleur.png, 5
gepys/a08d59950f15f46e14669cb2b116aa5eaed6f562bd8de03cc51a2d9c5f04b500.exe.couleur.png, 5
gepys/15bf0a5f6f4860cca874ba326f8651f0d03053e7a138c2b7d543bfafb63d1766.exe.couleur.png, 5
gepys/e0f3dd91ae220b1a5d0c576ea4a22bcc9dd7c7d16c24f89fb7ef109b725da9b5.exe.couleur.png, 5
gepys/6381bf8b3965be2f72f6ab4784dde515ab1b8f6b76ed86293829808559381c3f.exe.couleur.png, 5
gepys/44fcb1b07cefa4c38a38e8aadddd77049f2f9ba03f58164530f48fd850fb6c13.exe.couleur.png, 5
gepys/4eed5bbdb01d7e284e15a234433cb98ac520b52783fab6a0c17f471b7ad3b855.exe.couleur.png, 5
gepys/62359be4606980eaea8448fb75863cd6f1c63d9d60b1409fafa93f4d78c6c0dd.exe.couleur.png, 5
gepys/9749dc06ce1c93738c35607794b8d0597ad1dffb38196224e80a8fb448e87047.exe.couleur.png, 5
gepys/9f781c885828a0ca39e7df0a0b55ac238c093a26a28d9f4e35fac749cc382de6.exe.couleur.png, 5
gepys/9f1204c6b74fbd4220b9ff29aa57b62809a28ee1e8322362396d028deb874e2d.exe.couleur.png, 5
gepys/b5b6ee3d0a7209d0c44cb3da9b861da68d7cc373172c9068affb14be83abe4b3.exe.couleur.png, 5
gepys/32f6e8e56786fa1e62b75dd2afb543721ae7f785251a2769c70dad47f8db3cab.exe.couleur.png, 5
gepys/1b673ed9a37c4707ccdb8b51543baa0111774a2ecd67b84b042b0411c5ebb819.exe.couleur.png, 5
gepys/258e39e857a339d6089ca410c7e4e658692df24445dc57e70358ba79adc8a4fa.exe.couleur.png, 5
gepys/5530eb2c1ffed7ea48e005a15797028b67420895e32d2e204ff5014b368c8c3c.exe.couleur.png, 5
gepys/96bca7defd03ff431d20dbdd6b0b8131bcde731cbb5d83c45ea291c82ce8c4e2.exe.couleur.png, 5
gepys/c45d401f6f59b7e2b003b223cb381f65913276edfb58ca6c127e59ce4c7177c6.exe.couleur.png, 5
gepys/348285a36175753fa7df15d0eb5374d3244470f74bd957291ce2ea698b906a5f.exe.couleur.png, 5
gepys/5abb8fe40dbf70b3edbc6797ac4ebb9c415bddc31dd06cf9e7607f142098456f.exe.couleur.png, 5
gepys/3fbf47cc69fd5daccbe1c181ec8b1c31ebc6b875aa578e846c4018d7d8a98e67.exe.couleur.png, 5
gepys/4057ccda7f135aacce74465819751461a3263347cf764a7e6f0b5d51bb4a50a4.exe.couleur.png, 5
gepys/a84e0103e99e77f0e145644eaeeb194ab27174c0777debf5c735a07f727ca92d.exe.couleur.png, 5
gepys/729cb872a5bbeeba6229f45e54e2e9d63ea9f68fe327c13912dee39c8b8b1b84.exe.couleur.png, 5
gepys/33bdb7f0a8f72d0ce26d67fc5b8dd74ef43fe625275e85ab3275e3cd84d7457f.exe.couleur.png, 5
gepys/e6f393e092381d156389ff267ea044916d012ffcce283cbb4e4a9bad252d1312.exe.couleur.png, 5
gepys/a2315e3ec2c14e76d086cd363871a7b7e3b2426a67b32e18e673e7aac376f20c.exe.couleur.png, 5
gepys/da7a7f942281119b5076b892d1a918aec19fcf2732836f3c215b728255edbcff.exe.couleur.png, 5
gepys/d41a42bea78598a8e878895967921bb2b6082980edfdc9ded0b1dd69be5458f9.exe.couleur.png, 5
gepys/5583caf71cbc3b1fc8eb6c2d37548b880627ba927a9bb4258531ceebe0fe84b3.exe.couleur.png, 5
gepys/f02390da6ea718afc8cc30aa7d52b2438bfa44f3e657272a087b98a24ae566e2.exe.couleur.png, 5
gepys/87b26d2f1fed8286128cd29640742f2050290343b5febfa1b4bd77aad5f1d462.exe.couleur.png, 5
gepys/32090badf5fd922e3f6e6e21bb8cab774c428e8a8ad6fd1e5d0e46b0bab12561.exe.couleur.png, 5
gepys/042f9eb520ac1fe3fd44da9218a6ac85120e66526d031f4dda8ed390f98fa9d9.exe.couleur.png, 5
gepys/be098ea57575d6397afcf780a4988c2d33ef227ad285c29a5c60967af5a5f2f9.exe.couleur.png, 5
gepys/09dd80795895b6bbbb267db16af1affd2ef3f8fc8debc80870dcb79f79724cf8.exe.couleur.png, 5
gepys/7a9b00d73e6bb123a5547ed7834683ac8d45ef7a5c0e43aeaff8d72fded63418.exe.couleur.png, 5
gepys/0620d59fef6a0eca6fa4f2512278ff52cd5d58e67d581e72e5261e76de1000fa.exe.couleur.png, 5
gepys/c8fcc886ca691b39e3c716f8a236a36c89e1841771fde7ad436dd0d23fd84301.exe.couleur.png, 5
gepys/2a1b66bfe613dfd703f3df18b2b3aab13929282fd35b7a585797d912025be6c4.exe.couleur.png, 5
gepys/fb214ab4a62831820cb70e931ca465496723608ba5c6172b1f9b307233c6ca91.exe.couleur.png, 5
gepys/4bf98bf8662185bedb526c4fd8913bb485e72d9d98fc376524d0c91f037b7b41.exe.couleur.png, 5
gepys/1eae2d569fd70a3b32b88ee48d1445be6b64e4b91ab49dbc91ec05eb25cf3fbf.exe.couleur.png, 5
gepys/5a062f103b6c01638ad1139307aab1e84523cce72aa0e88bb5538afc620c467e.exe.couleur.png, 5
gepys/e50b4979e27d7b3d9f8e729c2a56802a515eab19ab7501de70ac25a26f227733.exe.couleur.png, 5
gepys/69b4c8ddbc40a8c900383f467327a5398f6e92e7caff505d2605894581af1431.exe.couleur.png, 5
gepys/4fdcc609eaf29fb9176aeacc20519c40dbdd83e6433a071f17899accbfc50f1c.exe.couleur.png, 5
gepys/1aeffc26d84085467ffb22466956ad3a38a9932289f31333f3f5cf9031604a72.exe.couleur.png, 5
gepys/206eb35fb23131c1a1c68052856200d93fc6e278da2753b05e075d4f00da67ab.exe.couleur.png, 5
gepys/2a3ec6f278ce592005106e3c0e1cb3bddf7b4b4656eed3d3c0459b8231ff8e7f.exe.couleur.png, 5
gepys/509286d88bcb79c6c2372a15937271eb50e2e535e3d364a8097417ca6c48abc2.exe.couleur.png, 5
